movie_trailer,video_id,video_title,channel_name,channel_id,comment_count,view_count,like_count,date_published,Year
Matilda Official Trailer,hUGHWje7liM,Matilda - Movie Trailer,DvdAmnesty,UCEwa9Zw0wOhdSTm0n-qetNA,519,3407831,8302,2010-10-21T08:47:21.000Z,2017
Posledniy bogatyr Official Trailer,IXbVuRoybr8,The Last Warrior Trailer (2017) Russian Fantasy Movie,New Trailer Buzz,UCDHv5A6lFccm37oTZ5Mp7NA,342,1205941,4532,2017-09-14T14:56:20.000Z,2017
Perfectos Desconocidos Official Trailer,XIc-4AwGKgM,Perfectos Desconocidos I Perfect Strangers,PantelionFilms,UCgjmWh5oYANz07cIRitbuQQ,577,564956,2251,2018-11-13T17:00:14.000Z,2017
Utya 22. juli Official Trailer,ZVpUZGmHJB8,22 JULY | Official Trailer [HD] | Netflix,Netflix,UCWOA1ZGywLbqmigxE4Qlvuw,2551,2224047,10774,2018-09-04T13:00:05.000Z,2017
The Islands Official Trailer,_ZyNJ3cKfEg,The Island - Official® Trailer [HD],TrailersPlaygroundHD,UCeR7qki1ikig6q4HwvP6dTg,207,699500,1942,2013-11-28T15:02:39.000Z,2017
The Thousand Miles Official Trailer,O6ngd5E1MJE,"《一万公里的约定》10,000 MILES Official Trailer | In Cinemas 16.12.2016",SGCloverFilms,UCm4hPh9CUfqaZVOeZYr8AAw,1,39227,72,2016-11-29T07:49:57.000Z,2017
Phantom Thread Official Trailer,xNsiQMeSvMk,PHANTOM THREAD - Official Trailer [HD] - In Select Theaters Christmas,Focus Features,UCU4SM3j_9TNWaSu8KdGV50g,1954,10574917,26765,2017-10-23T14:00:13.000Z,2017
Mollys Game Official Trailer,Vu4UPet8Nyc,"Molly's Game | Official Trailer | Own it Now on Digital HD, Blu-ray™ & DVD",STX Entertainment,UCtlp8d4cZg2eMrVbq7vxg9w,1251,8319089,14953,2017-08-15T14:00:08.000Z,2017
The Post Official Trailer,nrXlY6gzTTM,The Post | Official Trailer [HD] | 20th Century FOX,20th Century Fox,UC2-BeLxzUBSs0uSrmzWhJuQ,2950,17308576,20052,2017-11-08T05:31:00.000Z,2017
Pitch Perfect 3 Official Trailer,aVsOXRgjeeU,Pitch Perfect 3 - Official Trailer 2 [HD],Pitch Perfect,UCgdSNWjdqg-bE5i9YDD4GLw,5497,13300047,116481,2017-09-25T15:00:12.000Z,2017
Father Figures Official Trailer,59uWyPklsy0,FATHER FIGURES - Official Trailer,Warner Bros. Pictures,UCjmJDM5pRKbUlVIzDYYWb6g,259,2949485,3802,2017-09-28T15:07:17.000Z,2017
Downsizing Official Trailer,UCrBICYM0yM,Downsizing (2017) - Official Trailer - Paramount Pictures,Paramount Pictures,UCF9imwPMSGz4Vq1NiTWCC7g,4262,10580547,27328,2017-09-12T04:00:00.000Z,2017
Jumanji: Welcome to the Jungle Official Trailer,2QKg5SZ_35I,JUMANJI: WELCOME TO THE JUNGLE - Official Trailer (HD),Sony Pictures Entertainment,UCz97F7dMxBNOfGYu3rx8aCw,22807,31991225,170119,2017-06-29T13:00:01.000Z,2017
The Greatest Showman Official Trailer,AXCTMGYUg9A,The Greatest Showman | Official Trailer [HD] | 20th Century FOX,Fox Family Entertainment,UCNDaFXLGF7W6ADJ7eUwIhgg,5272,20825006,92420,2017-06-28T13:00:13.000Z,2017
Ferdinand Official Trailer,HBXVM7oUPVk,Ferdinand | Official Trailer [HD] | Fox Family Entertainment,Fox Family Entertainment,UCNDaFXLGF7W6ADJ7eUwIhgg,878,6673624,10370,2017-06-14T13:00:16.000Z,2017
Star Wars Ep. VIII: The Last Jedi Official Trailer,Q0CbN8sfihY,Star Wars: The Last Jedi Trailer (Official),Star Wars,UCZGYJFUizSax-yElQaFDp5Q,92178,53210814,764128,2017-10-10T01:58:59.000Z,2017
Bright Official Trailer,6EZCBSsBxko,Bright | Official Trailer | Netflix,Netflix,UCWOA1ZGywLbqmigxE4Qlvuw,9870,10234715,87993,2017-07-20T22:53:59.000Z,2017
Just Getting Started Official Trailer,pw72uQlM3Lw,"Just Getting Started Official Trailer #1 (2017) Morgan Freeman, Tommy Lee Jones Comedy Movie HD",Zero Media,UCuuU2L90sqhQahV1IkhCPaQ,101,611871,1539,2017-09-18T16:17:45.000Z,2017
"I, Tonya Official Trailer",d2iy5y0YjGM,"I, TONYA [Official Trailer] – In Theaters Now",NEON,UCpy5dRhZd-JbZP4NsrnLt1w,399,15390969,3141,2017-11-01T14:57:06.000Z,2017
The Shape of Water Official Trailer,XFYWazblaUA,THE SHAPE OF WATER | Official Trailer | FOX Searchlight,FoxSearchlight,UCor9rW6PgxSQ9vUPWQdnaYQ,9860,23005614,115398,2017-07-19T13:59:40.000Z,2017
Daisy Winters Official Trailer,pwxDGFVh_YE,Daisy Winters Official Trailer,Hannover House,UCwQo38maJeU2ihQlDlPOGZw,46,71285,692,2017-09-12T19:14:58.000Z,2017
The Disaster Artist Official Trailer,sPSJYXi7BWA,The Disaster Artist | Tommy | Official Trailer 2 HD | A24,A24,UCuPivVjnfNo4mb3Oog_frZg,2701,11356039,39230,2017-11-02T17:30:38.000Z,2017
Darkest Hour Official Trailer,LtJ60u7SUSw,Darkest Hour - Official International Trailer (Universal Pictures) HD,Universal Pictures UK,UCQLBOKpgXrSj3nPU-YC3K9Q,2593,5186922,12751,2017-09-28T14:00:00.000Z,2017
Coco Official Trailer,jjudmcSxzpc,COCO Official Trailer (2017) Disney Pixar Animation Movie HD,ONE Media,UCzcRQ3vRNr6fJ1A9rqFn7QA,1012,2254487,10595,2017-03-15T13:36:50.000Z,2017
The Star Official Trailer,9NjvYZtwk00,THE STAR - Official Trailer,Sony Pictures Animation,UCnLuLSV-Oi0ctqjxGgxFlmg,0,2844211,3695,2017-10-04T16:00:01.000Z,2017
Justice League Official Trailer,3cxixDgHUYw,JUSTICE LEAGUE - Official Trailer 1,Warner Bros. Pictures,UCjmJDM5pRKbUlVIzDYYWb6g,64200,36013365,415581,2017-03-25T15:00:01.000Z,2017
Wonder Official Trailer,Ob7fPOzbmzE,WONDER Trailer (2017),KinoCheck International,UCLRlryMfL8ffxzrtqv0_k_w,15795,12206507,172390,2017-05-24T12:40:47.000Z,2017
"Roman J. Israel, Esq. Official Trailer",CItEtnp3nPY,"ROMAN J. ISRAEL, ESQ. - Official Trailer (HD)",Sony Pictures Entertainment,UCz97F7dMxBNOfGYu3rx8aCw,274,2519954,2741,2017-10-05T15:00:03.000Z,2017
"Three Billboards Outside Ebbing, Missouri Official Trailer",Jit3YhGx5pU,"THREE BILLBOARDS OUTSIDE EBBING, MISSOURI | Official Red Band Trailer | FOX Searchlight",FoxSearchlight,UCor9rW6PgxSQ9vUPWQdnaYQ,3075,8828628,36033,2017-03-23T16:45:12.000Z,2017
Daddys Home 2 Official Trailer,yyW_EX7iRW0,"Daddy's Home 2 Official Trailer #2 (2017) Mark Wahlberg, Will Ferrell Comedy Movie HD",Zero Media,UCuuU2L90sqhQahV1IkhCPaQ,3767,11716065,59729,2017-09-06T13:21:18.000Z,2017
Murder on the Orient Express Official Trailer,Mq4m3yAoW8E,Murder on the Orient Express | Official Trailer [HD] | 20th Century FOX,20th Century Fox,UC2-BeLxzUBSs0uSrmzWhJuQ,8644,12807174,71981,2017-06-01T13:00:34.000Z,2017
LBJ Official Trailer,xrnEp8WLH0g,LBJ Trailer #1 (2017) | Movieclips Trailers,Movieclips Trailers,UCi8e0iOVk1fEOogdfu4YgfA,612,543281,2721,2017-07-27T20:22:47.000Z,2017
Lady Bird Official Trailer,cNi_HC839Wo,Lady Bird | Official Trailer HD | A24,A24,UCuPivVjnfNo4mb3Oog_frZg,3233,15170575,84001,2017-09-05T13:00:06.000Z,2017
Thor: Ragnarok Official Trailer,ue80QwXMRHg,"""Thor: Ragnarok"" Official Trailer",Marvel Entertainment,UCvC4D8onUfXzvjTOM-dBfEA,60703,72849257,738040,2017-07-23T01:27:50.000Z,2017
A Bad Moms Christmas Official Trailer,FJdNdMOblaM,"A Bad Mom's Christmas Official Trailer #2 (2017) Mila Kunis, Kristen Bell Comedy Movie HD",Zero Media,UCuuU2L90sqhQahV1IkhCPaQ,555,3966837,14600,2017-09-06T13:24:46.000Z,2017
Jigsaw Official Trailer,vPP6aIw1vgY,Jigsaw (2017 Movie) Official Trailer,Lionsgate Movies,UCJ6nMHaJPZvsJ-HmUmj1SeA,10519,17694831,80505,2017-07-20T15:50:00.000Z,2017
Thank You for Your Service Official Trailer,50LQGcb5knE,Thank You for Your Service Trailer #1 (2017) | Movieclips Trailers,Movieclips Trailers,UCi8e0iOVk1fEOogdfu4YgfA,2137,2998339,26531,2017-06-20T15:07:29.000Z,2017
Let There Be Light Official Trailer,PnTc2p2w2X8,Let There Be Light Trailer #1 | Movieclips Indie,Movieclips Indie,UCLyYEq4ODlw3OD9qhGqwimw,615,283865,1445,2017-09-13T23:14:39.000Z,2017
Only the Brave Official Trailer,EE_GY6zccqc,Only the Brave Trailer #1 (2017) | Movieclips Trailers,Movieclips Trailers,UCi8e0iOVk1fEOogdfu4YgfA,903,2441755,9592,2017-07-19T16:27:08.000Z,2017
Geostorm Official Trailer,EuOlYPSEzSc,GEOSTORM - OFFICIAL TRAILER 2 [HD],Warner Bros. Pictures,UCjmJDM5pRKbUlVIzDYYWb6g,5423,14207290,41296,2017-07-06T15:58:32.000Z,2017
Same Kind of Different as Me Official Trailer,PltWQ8kQe04,Same Kind of Different as Me Official Trailer 1 (2017) - Greg Kinnear Movie,Movieclips Trailers,UCi8e0iOVk1fEOogdfu4YgfA,646,697640,3590,2016-08-17T15:09:14.000Z,2017
Tyler Perrys Boo 2! A Madea Halloween Official Trailer,EwRAqEBITuc,"Boo 2! A Madea Halloween Official Trailer #2 (2017) Tyler Perry, Brock O'Hurn Comedy Movie HD",Zero Media,UCuuU2L90sqhQahV1IkhCPaQ,2090,2980874,25413,2017-08-18T13:29:47.000Z,2017
The Snowman Official Trailer,BF2Ksrxu_QY,The Snowman Official Trailer #1 (2017) Michael Fassbender Thriller Movie HD,Zero Media,UCuuU2L90sqhQahV1IkhCPaQ,9515,13721333,74180,2017-07-19T14:26:35.000Z,2017
Marshall Official Trailer,_vy3S0OTFaY,MARSHALL Official Trailer (2017) Chadwick Boseman Movie HD,ONE Media,UCzcRQ3vRNr6fJ1A9rqFn7QA,426,551655,4376,2017-06-22T13:07:28.000Z,2017
Happy Death Day Official Trailer,1NTaDm3atkc,Happy Death Day Trailer #1 (2017) | Movieclips Trailers,Movieclips Trailers,UCi8e0iOVk1fEOogdfu4YgfA,5315,6314870,39918,2017-06-15T15:14:38.000Z,2017
The Foreigner Official Trailer,om9YCk7ufHs,"The Foreigner Official Trailer #1 (2017) Jackie Chan, Pierce Brosnan Action Movie HD",Zero Media,UCuuU2L90sqhQahV1IkhCPaQ,7859,10331614,81652,2017-06-26T14:10:13.000Z,2017
Demonic Official Trailer,pvyPmbBpBWw,Demonic Official UK Trailer #1 (2015) - Cody Horn Movie HD,Movieclips Trailers,UCi8e0iOVk1fEOogdfu4YgfA,502,1545137,4558,2015-04-30T17:48:03.000Z,2017
Blade Runner 2049 Official Trailer,gCcx85zbxz4,BLADE RUNNER 2049 - Official Trailer,Warner Bros. Pictures,UCjmJDM5pRKbUlVIzDYYWb6g,17641,28488256,160808,2017-05-08T16:35:21.000Z,2017
The Florida Project Official Trailer,WwQ-NH1rRT4,The Florida Project | Official Trailer HD | A24,A24,UCuPivVjnfNo4mb3Oog_frZg,1371,4260453,21502,2017-08-14T13:00:03.000Z,2017
Visages villages Official Trailer,KKbjnLpxv70,Faces Places - Official Trailer,Madman Films,UCuF-f_kairxTjOyHSItrmtg,26,183811,855,2017-07-21T02:45:54.000Z,2017
"Don Gato, el inicio de la pandilla Official Trailer",ngFjXFxrG8o,DON GATO: El Inicio de la Pandilla - Trailer 2 - Oficial Warner Bros. Pictures,Warner Bros. Pictures Latinoamérica,UCu-cVVMn41qUA-pwdEhNqhg,147,740122,1510,2015-09-14T20:51:59.000Z,2017
Flatliners Official Trailer,gUDV0CUzG0k,FLATLINERS - Official Trailer (HD),Sony Pictures Entertainment,UCz97F7dMxBNOfGYu3rx8aCw,2706,7650840,17339,2017-06-13T13:00:02.000Z,2017
American Made Official Trailer,AEBIJRAkujM,American Made - Official Trailer [HD],Universal Pictures,UCq0OueAsdxH6b8nyAspwViw,2280,12754872,25056,2017-06-05T15:01:01.000Z,2017
"Mune, le gardien de la lune Official Trailer",AbHXQRiY3H8,"Mune / Mune, le gardien de la lune (2015) - Trailer English",UniFrance,UC4AIWUgVg6uPKepImpbJQ8A,16,158394,354,2015-04-01T08:02:03.000Z,2017
Victoria and Abdul Official Trailer,T504u17Ao9A,VICTORIA & ABDUL - Official Trailer [HD] - In Theaters 9/22,Focus Features,UCU4SM3j_9TNWaSu8KdGV50g,2044,5537506,38194,2017-05-30T14:18:32.000Z,2017
The Lego Ninjago Movie Official Trailer,F5JV3nVOLMA,The LEGO NINJAGO Movie - Trailer 2 [HD],Warner Bros. Pictures,UCjmJDM5pRKbUlVIzDYYWb6g,4804,13454124,42937,2017-07-22T14:30:15.000Z,2017
Friend Request Official Trailer,nDNgs0dgjj4,Friend Request Official International Trailer #1 (2016) - Alycia Debnam-Carey Thriller HD,Movieclips Trailers,UCi8e0iOVk1fEOogdfu4YgfA,4603,7240931,26945,2016-03-11T16:51:17.000Z,2017
Stronger Official Trailer,XkoM5r9LR14,Stronger Official Trailer #1 (2017) Jake Gyllenhaal Biography Movie HD,Zero Media,UCuuU2L90sqhQahV1IkhCPaQ,1204,2497080,20696,2017-06-22T16:24:09.000Z,2017
Battle of the Sexes Official Trailer,WMdzBwsZRX8,BATTLE OF THE SEXES Trailer (2017),KinoCheck International,UCLRlryMfL8ffxzrtqv0_k_w,1619,2929821,11586,2017-05-16T16:48:46.000Z,2017
Kingsman: The Golden Circle Official Trailer,6Nxc-3WpMbg,Kingsman: The Golden Circle | Official Trailer [HD] | 20th Century FOX,20th Century Fox,UC2-BeLxzUBSs0uSrmzWhJuQ,10348,23572754,197616,2017-04-25T03:30:14.000Z,2017
mother! Official Trailer,XpICoc65uh0,mother! movie (2017) - official trailer - paramount pictures,Paramount Pictures,UCF9imwPMSGz4Vq1NiTWCC7g,9584,16654936,42837,2017-08-08T04:02:11.000Z,2017
American Assassin Official Trailer,r9rNf-cLWKU,"AMERICAN ASSASSIN - Official Trailer - HD (Dylan O'Brien, Michael Keaton)",CBS Films,UCzym8ZiGEf186PlXw77voRw,419,2275124,6261,2017-06-20T14:17:35.000Z,2017
Home Again Official Trailer,lfHZ-B374iA,Home Again Trailer #2 (2017) | Movieclips Trailers,Movieclips Trailers,UCi8e0iOVk1fEOogdfu4YgfA,409,2155696,6581,2017-06-15T16:46:34.000Z,2017
It Official Trailer,xKJmEC5ieOk,IT - Official Trailer 1,Warner Bros. Pictures,UCjmJDM5pRKbUlVIzDYYWb6g,22508,36508338,208759,2017-07-27T16:00:02.000Z,2017
Sky Sharks Official Trailer,DcoVJsURfk4,SKY SHARKS Trailer (2017),KinoCheck International,UCLRlryMfL8ffxzrtqv0_k_w,1464,1352694,5791,2016-05-09T12:01:37.000Z,2017
Tulip Fever Official Trailer,2djWwOK0Im8,"Tulip Fever Official Trailer #1 (2017) Cara Delevingne, Alicia Vikander Drama Movie HD",Zero Media,UCuuU2L90sqhQahV1IkhCPaQ,1154,3782915,30629,2017-04-25T19:47:08.000Z,2017
Ballerina Official Trailer,fmK7X0swHrE,"Ballerina Official International Trailer #1 (2016) Elle Fanning, Maddie Ziegler Animated Movie HD",Zero Media,UCuuU2L90sqhQahV1IkhCPaQ,3166,6123045,38285,2016-10-04T12:52:21.000Z,2017
All Saints Official Trailer,KCUBHlqzFDE,All Saints Trailer #1 (2017) | Movieclips Indie,Movieclips Indie,UCLyYEq4ODlw3OD9qhGqwimw,83,301130,609,2017-06-15T00:44:25.000Z,2017
Polina danser sa vie Official Trailer,BjqnVrEByIE,"Polina / Polina, danser sa vie (2016) - Trailer (English Subs)",UniFrance,UC4AIWUgVg6uPKepImpbJQ8A,4,70717,186,2016-10-24T09:10:23.000Z,2017
Birth of the Dragon Official Trailer,soLlxteBbNA,Birth of the Dragon Official Trailer #1 (2017) Bruce Lee Biopic Movie HD,Zero Media,UCuuU2L90sqhQahV1IkhCPaQ,1639,2674412,12023,2017-07-13T19:18:48.000Z,2017
The Hitmans Bodyguard Official Trailer,F4Afusxc2SM,"The Hitman's Bodyguard Red Band Trailer #1 (2017) Ryan Reynolds, Samuel L. Jackson Action Movie HD",Zero Media,UCuuU2L90sqhQahV1IkhCPaQ,4320,12188740,84369,2017-04-13T01:05:38.000Z,2017
Logan Lucky Official Trailer,aPzvKH8AVf0,LOGAN LUCKY | Official HD Trailer,Bleecker Street,UCafnP6JPjVq8AahYaThUelg,2173,10938801,28104,2017-05-28T21:44:03.000Z,2017
Patti Cake$ Official Trailer,L-591Dqa48g,PATTI CAKE$ | Official Trailer | FOX Searchlight,FoxSearchlight,UCor9rW6PgxSQ9vUPWQdnaYQ,719,5955884,5459,2017-05-17T16:45:01.000Z,2017
The Nut Job 2: Nutty by Nature Official Trailer,e5qIZ89hj_A,The Nut Job 2: Nutty by Nature Official Trailer #3 (2017) Will Arnett Animated Movie HD,Zero Media,UCuuU2L90sqhQahV1IkhCPaQ,1002,3427996,14753,2017-05-18T16:35:56.000Z,2017
Annabelle: Creation Official Trailer,KisPhy7T__Q,ANNABELLE: CREATION - Official Trailer,Warner Bros. Pictures,UCjmJDM5pRKbUlVIzDYYWb6g,6345,18253759,68855,2017-04-02T00:04:44.000Z,2017
Columbus Official Trailer,r3dcnV6Z9Zs,Columbus Trailer #1 (2017) | Movieclips Indie,Movieclips Indie,UCLyYEq4ODlw3OD9qhGqwimw,442,906979,5847,2017-06-27T17:36:55.000Z,2017
Kidnap Official Trailer,cdy8VIOzHEU,Kidnap (কিডন্যাপ) | Official Trailer | Dev | Rukmini Maitra | Raja Chanda | Jeet Gannguli,Surinder Films,UC_IXqII-SVm7QNRwreq32dg,3662,1361514,29805,2019-05-19T05:25:13.000Z,2017
The Dark Tower Official Trailer,GjwfqXTebIY,THE DARK TOWER - Official Trailer (HD),Sony Pictures Entertainment,UCz97F7dMxBNOfGYu3rx8aCw,19314,27107928,128695,2017-05-03T13:19:17.000Z,2017
The Emoji Movie Official Trailer,r8pJt4dK_s4,THE EMOJI MOVIE - Official Trailer (HD),Sony Pictures Entertainment,UCz97F7dMxBNOfGYu3rx8aCw,33991,16661692,37791,2017-05-16T13:30:01.000Z,2017
Atomic Blonde Official Trailer,aieQrj9Yy8s,Atomic Blonde Red Band Trailer #1 (2017) Charlize Theron Action Movie HD,Zero Media,UCuuU2L90sqhQahV1IkhCPaQ,785,1360322,5380,2017-03-10T16:30:53.000Z,2017
An Inconvenient Sequel Official Trailer,huX1bmfdkyA,An Inconvenient Sequel: Truth To Power (2017) - Official Trailer - Paramount Pictures,Paramount Pictures,UCF9imwPMSGz4Vq1NiTWCC7g,3581,2873718,16421,2017-03-28T22:56:04.000Z,2017
Dunkirk Official Trailer,T7O7BtBnsG4,DUNKIRK - OFFICIAL MAIN TRAILER [HD],Warner Bros. Pictures,UCjmJDM5pRKbUlVIzDYYWb6g,6737,9312206,82802,2017-05-05T15:57:22.000Z,2017
Girls Trip Official Trailer,7jE61BzKmgQ,Girls Trip - Official Trailer #2 [HD],Universal Pictures,UCq0OueAsdxH6b8nyAspwViw,994,5803435,13878,2017-05-10T15:00:14.000Z,2017
Valerian and the City of a Thousand Planets Official Trailer,NNrK7xVG3PM,Valerian and the City of a Thousand Planets Official Trailer - Teaser (2017) - Movie,Movieclips Trailers,UCi8e0iOVk1fEOogdfu4YgfA,6282,8727865,51295,2016-11-10T15:17:09.000Z,2017
Wish Upon Official Trailer,VZjBpt5mCCA,Wish Upon Trailer #1 (2017) | Movieclips Trailers,Movieclips Trailers,UCi8e0iOVk1fEOogdfu4YgfA,1490,3038311,14390,2017-02-09T20:16:15.000Z,2017
War for the Planet of the Apes Official Trailer,JDcAlo8i2y8,War for the Planet of the Apes | Official Trailer [HD] | 20th Century FOX,Planet of the Apes,UCZUWIUgQIRgDuv0Q2W0y-qA,2375,5867104,31525,2017-03-30T18:14:53.000Z,2017
A Ghost Story Official Trailer,0Vb0F_CN83E,"A GHOST STORY Official Trailer (2017) Casey Affleck, Romance Fantasy Movie HD",ONE Media,UCzcRQ3vRNr6fJ1A9rqFn7QA,278,716046,1957,2017-04-02T17:00:01.000Z,2017
Spider-Man: Homecoming Official Trailer,rk-dF1lIbIg,SPIDER-MAN: HOMECOMING - Official Trailer (HD),Sony Pictures Entertainment,UCz97F7dMxBNOfGYu3rx8aCw,2587,9174481,41111,2016-12-10T04:55:39.000Z,2017
Despicable Me 3 Official Trailer,6DBi41reeF0,Despicable Me 3 - Official Trailer - In Theaters Summer 2017 (HD),Illumination,UCq7OHvWO6Z3u-LztFdrcU-g,12432,36380728,118369,2016-12-14T16:00:04.000Z,2017
The House Official Trailer,bp1-if1rJiM,The House - Official Trailer [HD],Warner Bros. Pictures,UCjmJDM5pRKbUlVIzDYYWb6g,241,3811678,3203,2017-02-16T17:00:30.000Z,2017
Baby Driver Official Trailer,zTvJJnoWIPk,BABY DRIVER - Official Trailer (HD),Sony Pictures Entertainment,UCz97F7dMxBNOfGYu3rx8aCw,364,2258940,7122,2017-03-29T23:41:01.000Z,2017
The Big Sick Official Trailer,jcD0Daqc3Yw,The Big Sick Trailer #1 (2017) | Movieclips Trailers,Movieclips Trailers,UCi8e0iOVk1fEOogdfu4YgfA,1103,4065222,16175,2017-05-02T17:50:24.000Z,2017
Transformers: The Last Knight Official Trailer,AntcyqJ6brc,Transformers: The Last Knight Official Trailer 1 (2017) - Michael Bay Movie,Movieclips Trailers,UCi8e0iOVk1fEOogdfu4YgfA,29663,19452987,125533,2016-12-06T03:10:32.000Z,2017
Arrowhead Official Trailer,UyqJF7WkC-g,Arrowhead - Official Trailer (2015),Odin's Eye Entertainment,UC1owdmlfdVhNp4Z1qtiGlGw,106,1048894,430,2015-08-24T00:14:22.000Z,2017
Cars 3 Official Trailer,2LeOH9AGJQM,Cars 3 - Official US Trailer,Pixar,UC_IRYSp4auq7hKLvziWVH6w,13368,22444963,141448,2017-04-26T16:00:00.000Z,2017
Rough Night Official Trailer,oIB4jNYeRY4,ROUGH NIGHT - Official Restricted Trailer (HD),Sony Pictures Entertainment,UCz97F7dMxBNOfGYu3rx8aCw,4390,5558490,25600,2017-03-08T19:00:05.000Z,2017
All Eyez on Me Official Trailer,njnwYSybwko,All Eyez on Me Trailer #1 (2017) | Movieclips Trailers,Movieclips Trailers,UCi8e0iOVk1fEOogdfu4YgfA,3297,3750603,30213,2017-04-06T17:38:43.000Z,2017
The Mummy Official Trailer,IjHgzkQM2Sg,The Mummy - Official Trailer (HD),Universal Pictures,UCq0OueAsdxH6b8nyAspwViw,23835,47732876,260295,2016-12-05T02:06:40.000Z,2017
It Comes at Night Official Trailer,6YOYHCBQn9g,It Comes At Night | Official Trailer HD | A24,A24,UCuPivVjnfNo4mb3Oog_frZg,3471,15002285,24982,2017-05-01T13:00:00.000Z,2017
Churchill Official Trailer,sVOzMZ4IrMA,CHURCHILL Trailer (2017),Film Trailer Zone,UCPPPrnT5080hPMxK1N4QSjA,2225,1498543,6134,2017-03-21T14:24:32.000Z,2017
Captain Underpants: The First Epic Movie Official Trailer,VDm_2m-Hg6c,CAPTAIN UNDERPANTS: The First Epic Movie Trailer (2017),KinoCheck International,UCLRlryMfL8ffxzrtqv0_k_w,18060,12350616,182617,2017-03-22T12:24:00.000Z,2017
Wonder Woman Official Trailer,1Q8fG0TtVAY,WONDER WOMAN - Official Trailer [HD],Warner Bros. Pictures,UCjmJDM5pRKbUlVIzDYYWb6g,26274,27362036,231645,2016-11-03T16:00:54.000Z,2017
Pirates of the Caribbean: Dead Men Tell No Tales Official Trailer,Hgeu5rhoxxY,Pirates of the Caribbean: Dead Men Tell No Tales - Official Trailer,Walt Disney Studios,UCuaFvcY4MhZY3U43mMt1dYQ,1904,6167691,25192,2017-03-03T00:01:37.000Z,2017
Baywatch Official Trailer,eyKOgnaf0BU,Baywatch (2017) - Official Trailer - Paramount Pictures,Paramount Pictures,UCF9imwPMSGz4Vq1NiTWCC7g,3589,15154650,50683,2017-03-22T13:05:28.000Z,2017
"Everything, Everything Official Trailer",42KNwQ6u42U,"Everything, Everything Trailer #1 (2017) | Movieclips Trailers",Movieclips Trailers,UCi8e0iOVk1fEOogdfu4YgfA,6267,8815854,103890,2017-02-14T18:00:35.000Z,2017
Alien: Covenant Official Trailer,svnAD0TApb8,Alien: Covenant | Official Trailer [HD] | 20th Century FOX,Alien Anthology,UC6u9M-seC6aVdOqvuo_HycQ,18500,25421970,154700,2017-03-01T01:24:52.000Z,2017
Diary of a Wimpy Kid: The Long Haul Official Trailer,r7PLDbPPL7w,Diary of a Wimpy Kid: The Long Haul | Official Trailer [HD] | Fox Family Entertainment,Fox Family Entertainment,UCNDaFXLGF7W6ADJ7eUwIhgg,8194,2065425,5474,2017-03-16T13:00:10.000Z,2017
Snatched Official Trailer,QcyeYFXdHNQ,Snatched | Official Trailer [HD] | 20th Century FOX,20th Century Fox,UC2-BeLxzUBSs0uSrmzWhJuQ,1055,4822706,4855,2017-02-07T14:00:19.000Z,2017
King Arthur: Legend of the Sword Official Trailer,jIM4-HLtUM0,King Arthur: Legend of the Sword - Official Trailer [HD],Warner Bros. Pictures,UCjmJDM5pRKbUlVIzDYYWb6g,3325,9088513,30460,2017-02-20T18:00:03.000Z,2017
The Wall Official Trailer,MyCuUr2_hmA,"The Wall Official Trailer #1 (2017) John Cena, Aaron Taylor-Johnson Drama Movie HD",Zero Media,UCuuU2L90sqhQahV1IkhCPaQ,3684,9580458,33582,2016-12-08T18:26:14.000Z,2017
Lowriders Official Trailer,-CJj_ZZPZng,Lowriders Trailer #1 (2017) | Movieclips Trailers,Movieclips Trailers,UCi8e0iOVk1fEOogdfu4YgfA,1209,1650194,9392,2017-01-26T19:50:39.000Z,2017
Chi dn zhunji Official Trailer,w0dMz8RBG7g,Wanting 曲婉婷 - 我的歌声里 (You Exist In My Song) [Trad. Chinese] [Official Music Video],NettwerkMusic,UCmVE1oDNf5IjExOGfdbL3SA,16849,152354293,326440,2012-08-23T18:48:28.000Z,2017
Guardians of the Galaxy Vol 2 Official Trailer,pr7tDrwQ3t8,Guardians of the Galaxy Vol. 2 Official Trailer 1 (2017) - Chris Pratt Movie,Movieclips Trailers,UCi8e0iOVk1fEOogdfu4YgfA,3886,8544698,67633,2016-12-04T01:18:32.000Z,2017
Baahubali 2: The Conclusion Official Trailer,G62HrubdD6o,Baahubali 2 - The Conclusion | Official Trailer (Hindi) | S.S. Rajamouli | Prabhas | Rana Daggubati,Dharma Productions,UCKQKIY2YlI4L5QVg7hhfjrQ,28306,106764363,610205,2017-03-16T03:33:37.000Z,2017
The Circle Official Trailer,QCOXARv6J9k,The Circle Official Trailer 1 (2017) - Emma Watson Movie,Movieclips Trailers,UCi8e0iOVk1fEOogdfu4YgfA,4010,7685350,40586,2016-12-06T16:19:11.000Z,2017
Jy dsh Official Trailer,g4nS--1e-JY,New Lego Movie 4D Grand Opening at Legoland Florida,Behind The Thrills,UCPRJMG-WJdS3Tq6B2pGChBQ,1,7897,20,2016-01-29T04:32:23.000Z,2017
How to Be a Latin Lover Official Trailer,Tir_yK1kROg,How to Be a Latin Lover Official Trailer 1 (2017) - Salma Hayek Movie,Movieclips Trailers,UCi8e0iOVk1fEOogdfu4YgfA,750,3039847,10928,2016-12-21T22:54:26.000Z,2017
Sleight Official Trailer,ORL1d7GWoBc,Sleight Trailer #1 (2017) | Movieclips Trailers,Movieclips Trailers,UCi8e0iOVk1fEOogdfu4YgfA,1454,3154694,19393,2017-01-12T18:37:46.000Z,2017
Unforgettable Official Trailer,vYpYykaPo7A,"Unforgettable Official Trailer #1 (2017) Katherine Heigl, Rosario Dawson Thriller Movie HD",Zero Media,UCuuU2L90sqhQahV1IkhCPaQ,380,2211401,7133,2017-01-31T18:40:45.000Z,2017
The Promise Official Trailer,zwut1DUXaZc,The Promise Official Trailer 1 (2016) - Christian Bale Movie,Movieclips Trailers,UCi8e0iOVk1fEOogdfu4YgfA,0,3079913,0,2016-09-09T18:19:58.000Z,2017
The Fate of the Furious Official Trailer,JwMKRevYa_M,The Fate of the Furious - Official Trailer - #F8 In Theaters April 14 (HD),Fast & Furious,UCJCx8aQrdx_ueXPmxTD2odQ,19831,18913058,151414,2016-12-12T01:11:21.000Z,2017
The Lost City of Z Official Trailer,wwjtdOqTmrA,The Lost City of Z International Trailer #1 (2017) | Movieclips Trailers,Movieclips Trailers,UCi8e0iOVk1fEOogdfu4YgfA,1357,6031996,14531,2017-01-20T19:08:53.000Z,2017
Queen of the Desert Official Trailer,vwvymINJIAo,Queen of the Desert Trailer #1 (2017) | Movieclips Trailers,Movieclips Trailers,UCi8e0iOVk1fEOogdfu4YgfA,675,818439,4731,2017-03-24T17:48:28.000Z,2017
Going in Style Official Trailer,hcdTN5soeQw,GOING IN STYLE - Official Trailer,Warner Bros. Pictures,UCjmJDM5pRKbUlVIzDYYWb6g,958,5549276,20591,2016-12-16T17:00:45.000Z,2017
Gifted Official Trailer,tI01wBXGHUs,Gifted Official Trailer 1 (2017) - Chris Evans Movie,Movieclips Trailers,UCi8e0iOVk1fEOogdfu4YgfA,5334,13460346,121327,2016-11-01T17:03:16.000Z,2017
Smurfs: The Lost Village Official Trailer,vu1qZCG6Yo8,Smurfs: The Lost Village Official Trailer 1 (2017) - Animated Movie,Movieclips Trailers,UCi8e0iOVk1fEOogdfu4YgfA,1463,3941690,13280,2016-11-21T16:14:34.000Z,2017
The Boss Baby Official Trailer,k397HRbTtWI,The Boss Baby Official Trailer 1 (2017) - Alec Baldwin Movie,Movieclips Trailers,UCi8e0iOVk1fEOogdfu4YgfA,3855,19576981,60283,2016-12-15T14:17:09.000Z,2017
Ghost in the Shell Official Trailer,G4VmJcZR0Yg,Ghost in the Shell Official Trailer 1 (2017) - Scarlett Johansson Movie,Movieclips Trailers,UCi8e0iOVk1fEOogdfu4YgfA,28107,32142294,172619,2016-11-13T10:47:41.000Z,2017
The Zookeepers Wife Official Trailer,eiEfrA6MWs4,The Zookeeper's Wife Official Trailer 1 (2017) - Jessica Chastain Movie,Movieclips Trailers,UCi8e0iOVk1fEOogdfu4YgfA,738,1558074,10295,2016-11-17T16:07:36.000Z,2017
Power Rangers Official Trailer,5kIe6UZHSXw,Power Rangers (2017 Movie) Official Trailer – It’s Morphin Time!,Lionsgate Movies,UCJ6nMHaJPZvsJ-HmUmj1SeA,28220,44737885,183761,2017-01-19T12:54:26.000Z,2017
Life Official Trailer,LeLsJfGmY_Y,LIFE - Official Trailer (HD),Sony Pictures Entertainment,UCz97F7dMxBNOfGYu3rx8aCw,2117,7567018,12404,2016-10-31T01:22:01.000Z,2017
CHiPS Official Trailer,nmgeiznfdLI,CHIPS - Official Trailer [HD],Warner Bros. Pictures,UCjmJDM5pRKbUlVIzDYYWb6g,649,6129332,8405,2017-01-13T08:00:12.000Z,2017
The Belko Experiment Official Trailer,jP2Ow2CX6OQ,The Belko Experiment Official Trailer 1 (2017) - John Gallagher Jr. Movie,Movieclips Trailers,UCi8e0iOVk1fEOogdfu4YgfA,1625,2515283,13713,2016-12-01T19:53:08.000Z,2017
Beauty and the Beast Official Trailer,e3Nl_TCQXuw,Beauty and the Beast – US Official Final Trailer,Walt Disney Studios,UCuaFvcY4MhZY3U43mMt1dYQ,19251,34130894,252973,2017-01-31T02:44:39.000Z,2017
T2: Trainspotting Official Trailer,EsozpEE543w,T2 Trainspotting - Official Trailer - Now Available on Digital Download,Sony Pictures Releasing UK,UCJJap_3RGZ2UxqLTLz0K39g,5497,10762354,61882,2016-11-03T07:01:22.000Z,2017
Kong: Skull Island Official Trailer,44LdLqgOpjo,Kong: Skull Island - Rise of the King [Official Final Trailer],Warner Bros. Pictures,UCjmJDM5pRKbUlVIzDYYWb6g,7489,15048044,65805,2017-02-27T17:00:05.000Z,2017
Departure Official Trailer,OhoPA4M4kWY,"DEPARTURE (2019) | Official Full Trailer | Christopher Plummer, Archie Panjabi",Shaftesbury,UCXBN-jaeRDy7reW-oj44WWw,13,49112,132,2019-07-02T21:27:47.000Z,2017
Logan Official Trailer,Div0iP65aZo,Logan | Official Trailer [HD] | 20th Century FOX,20th Century Fox,UC2-BeLxzUBSs0uSrmzWhJuQ,32459,30081253,261819,2016-10-20T12:59:00.000Z,2017
Before I Fall Official Trailer,q3Zyy4ZXegE,Before I Fall Official Trailer 1 (2017) - Zoey Deutch Movie,Movieclips Trailers,UCi8e0iOVk1fEOogdfu4YgfA,4128,9669759,71291,2016-11-17T16:56:38.000Z,2017
Table 19 Official Trailer,2BrKGHl5EXQ,TABLE 19  | Official Trailer [HD] | FOX Searchlight,FoxSearchlight,UCor9rW6PgxSQ9vUPWQdnaYQ,516,1612146,8445,2016-07-07T16:20:02.000Z,2017
Get Out Official Trailer,DzfpyUB60YY,Get Out Official Trailer 1 (2017) - Daniel Kaluuya Movie,Movieclips Trailers,UCi8e0iOVk1fEOogdfu4YgfA,11063,16021938,71732,2016-10-04T22:25:50.000Z,2017
Rock Dog Official Trailer,7BcG14OSB-k,"Rock Dog Official Trailer #1 (2017) Luke Wilson, Eddie Izzard Animated Movie HD",Zero Media,UCuuU2L90sqhQahV1IkhCPaQ,1316,1939955,6835,2016-10-06T17:21:17.000Z,2017
Collide Official Trailer,p7yt_t3nZKA,"Collide Official Trailer #1 (2016) - Felicity Jones, Nicholas Hoult Movie HD",Movieclips Trailers,UCi8e0iOVk1fEOogdfu4YgfA,876,3430818,8242,2016-06-01T20:58:16.000Z,2017
Bitter Harvest Official Trailer,HKLBp3fZ5zA,Bitter Harvest Official Trailer 1 (2016) - Max Irons Movie,Movieclips Indie,UCLyYEq4ODlw3OD9qhGqwimw,1418,1000648,6295,2016-10-27T17:19:03.000Z,2017
The Girl with all the Gifts Official Trailer,HjGkB_oWTe0,The Girl With All The Gifts – Official Trailer - Official Warner Bros. UK,Warner Bros. UK,UCbxjDfYwfF8RjYBp5htJ38Q,3675,14007575,106159,2016-06-21T09:17:04.000Z,2017
Fist Fight Official Trailer,9aIzXYo6VCE,Fist Fight - Official Trailer [HD],Warner Bros. Pictures,UCjmJDM5pRKbUlVIzDYYWb6g,705,4216362,11355,2016-09-22T03:00:19.000Z,2017
The Great Wall Official Trailer,avF6GHyyk5c,The Great Wall - Official Trailer #2 - In Theaters This February,Legendary,UCAVadSTSh382kte-fQHqMNw,6811,10123984,27650,2016-10-08T17:00:06.000Z,2017
In Dubious Battle Official Trailer,SM4hQp0dIXY,In Dubious Battle Trailer #1 (2017) | Movieclips Trailers,Movieclips Trailers,UCi8e0iOVk1fEOogdfu4YgfA,610,1090588,5920,2017-01-27T22:37:14.000Z,2017
The Lego Batman Movie Official Trailer,h6DOpfJzmo0,The LEGO Batman Movie Official Comic-Con Trailer (2017) - Will Arnett Movie,Movieclips Trailers,UCi8e0iOVk1fEOogdfu4YgfA,2970,4539010,37395,2016-07-23T23:56:55.000Z,2017
Fifty Shades Darker Official Trailer,TUnylyz5mqQ,Fifty Shades Darker - Official Trailer 2 (HD),Fifty Shades,UC2gCqYNqIxSeRkR9QAGRYjA,4970,23826466,86059,2016-12-07T16:00:08.000Z,2017
John Wick: Chapter Two Official Trailer,XGk2EfbD_Ps,John Wick: Chapter 2 Official Trailer #1 (2017) Keanu Reeves Action Movie HD,Zero Media,UCuuU2L90sqhQahV1IkhCPaQ,6885,18097504,80156,2016-10-08T19:15:30.000Z,2017
I Am Not Your Negro Official Trailer,rNUYdgIyaPM,I Am Not Your Negro - Official Trailer,Magnolia Pictures & Magnet Releasing,UCneoi6WTgRjMh4otvpwzv8w,935,1333483,9151,2017-01-05T16:58:26.000Z,2017
The Comedian Official Trailer,ALlj3RRF9h8,The Comedian Official Trailer 1 (2017) - Robert De Niro Movie,Movieclips Trailers,UCi8e0iOVk1fEOogdfu4YgfA,584,1015616,5394,2016-11-22T16:12:27.000Z,2017
The Space Between Us Official Trailer,x73-573aWfs,"The Space Between Us | Official Trailer | Own it Now on Digital HD, Blu-ray™ & DVD",STX Entertainment,UCtlp8d4cZg2eMrVbq7vxg9w,3038,5472353,30673,2016-05-25T15:59:13.000Z,2017
Growing up Smith Official Trailer,88Qpf8M1z7U,Growing Up Smith Official Trailer 1 (2017) - Jason Lee Movie,Movieclips Indie,UCLyYEq4ODlw3OD9qhGqwimw,136,387692,2061,2016-10-25T18:51:36.000Z,2017
Rings Official Trailer,K2U-NWDLXM4,Rings Official Trailer #1 (2016) Horror Movie HD,Zero Media,UCuuU2L90sqhQahV1IkhCPaQ,565,3042370,7299,2016-08-24T11:30:13.000Z,2017
Two Lovers and a Bear Official Trailer,cFyg2AuD86M,Two Lovers and a Bear Official Trailer 1 (2016) -  Tatiana Maslany Movie,Movieclips Trailers,UCi8e0iOVk1fEOogdfu4YgfA,424,751795,3771,2016-08-04T18:08:06.000Z,2017
A Dogs Purpose Official Trailer,1jLOOCADTGs,A Dog's Purpose - Official Trailer (HD),Universal Pictures,UCq0OueAsdxH6b8nyAspwViw,0,19510663,146084,2016-08-26T15:59:22.000Z,2017
Emily Official Trailer,PjMa2n5_huU,WILD NIGHTS WITH EMILY Official Trailer (2019),Movie Trailers Source,UCpJN7kiUkDrH11p0GQhLyFw,212,606342,5325,2019-03-12T21:39:24.000Z,2017
Resident Evil: The Final Chapter Official Trailer,79Sd4GtOXuI,RESIDENT EVIL: THE FINAL CHAPTER - Official Trailer (HD),Sony Pictures Entertainment,UCz97F7dMxBNOfGYu3rx8aCw,4057,11484620,43776,2016-10-07T18:34:17.000Z,2017
The Resurrection of Gavin Stone Official Trailer,44nmZ31RNOY,The Resurrection of Gavin Stone Official Trailer 1 (2017) - Brett Dalton Movie,Movieclips Indie,UCLyYEq4ODlw3OD9qhGqwimw,169,383999,1707,2016-10-27T19:05:10.000Z,2017
The Founder Official Trailer,AX2uz2XYkbo,The Founder Official Trailer #1 (2016) - Michael Keaton Movie HD,Movieclips Trailers,UCi8e0iOVk1fEOogdfu4YgfA,2489,4732885,17586,2016-04-21T16:28:31.000Z,2017
xXx: Return of Xander Cage Official Trailer,xEuM4IUFWu8,xXx: The Return of Xander Cage Official Trailer #1 (2017) Vin Diesel Action Movie HD,Zero Media,UCuuU2L90sqhQahV1IkhCPaQ,8250,15451484,73616,2016-11-01T22:54:01.000Z,2017
Split Official Trailer,84TouqfIsiI,Split Official Trailer 1 (2017) - M. Night Shyamalan Movie,Movieclips Trailers,UCi8e0iOVk1fEOogdfu4YgfA,15442,26806693,111273,2016-07-27T15:12:26.000Z,2017
The Bye Bye Man Official Trailer,ZGdOnCiQRpQ,The Bye Bye Man Official Trailer 1 (2017) - Horror Movie,Movieclips Trailers,UCi8e0iOVk1fEOogdfu4YgfA,3562,4997688,18916,2016-09-15T16:14:57.000Z,2017
Monster Trucks Official Trailer,wQGawWqJdfs,"Monster Trucks Official Trailer #1 (2017) - Lucas Till, Jane Levy Movie HD",Movieclips Trailers,UCi8e0iOVk1fEOogdfu4YgfA,2754,4410280,21090,2016-06-01T16:21:22.000Z,2017
A Monster Calls Official Trailer,R2Xbo-irtBA,A Monster Calls Official Trailer 1 (2016) - Felicity Jones Movie,Movieclips Trailers,UCi8e0iOVk1fEOogdfu4YgfA,5855,8440595,48739,2016-07-13T15:10:31.000Z,2017
Underworld: Blood Wars Official Trailer,rKHL5PyAPzs,UNDERWORLD: BLOOD WARS - Official Trailer (HD),Sony Pictures Entertainment,UCz97F7dMxBNOfGYu3rx8aCw,1421,5764063,12386,2016-10-07T18:04:12.000Z,2017
